Department for Transport statistics,,,,,,,,,,
Vehicle Licensing Statistics (),,,,,,,,,,
,,,,,,,,,,
Table VEH0105,,,,,,,,,,
"Licensed vehicles at the end of the year by body type and upper and lower tier local authority 1 , including diesel cars and vans, United Kingdom, 2017",,,,,,,,,,
,,,,,,,,,,     Thousand
,,,,,,,,,Of which:,
ONS LA Code,Region/Local Authority,Cars,Motorcycles,Light Goods Vehicles,Heavy Goods Vehicles,Buses and coaches,Other vehicles 2,Total,Diesel Cars,Diesel Vans
K02000001,United Kingdom,32159.9,1255.9,4011.3,523.3,164,778.8,38893.3,12901.5,3868.4
K03000001,Great Britain,31200.2,1233.6,3898.1,499.4,158.4,745.3,37735,12360.2,3756.6
E92000001,England,26575.3,1092.6,3329.8,431.9,132.9,590.6,32153.2,10390.3,3203.4
E12000001,North East,1119.7,39.2,156.1,15.8,6.3,22.6,1359.6,465.7,153
E06000047,   County Durham UA,236.9,9,25.5,4.9,1,6.8,284.1,106,24.8
E06000005,   Darlington UA,50.9,2.1,50.3,1.1,0.4,1.1,105.9,22.7,50.1
E06000001,   Hartlepool UA,38.6,1.4,3.3,0.4,0.1,0.5,44.3,16.3,3.2
E06000002,   Middlesbrough UA,53.5,1.4,4,0.5,0.2,0.4,60.1,21.3,3.9
E06000057,   Northumberland UA,159.3,6.2,17.4,2.1,0.7,7,192.7,69.8,16.9
E06000003,   Redcar and Cleveland UA,63.5,2.5,6.6,0.8,0.3,1,74.8,25.3,6.4
E06000004,   Stockton-on-Tees UA,90.5,2.9,10,1,0.3,1,105.7,36.6,9.8
E11000004,   Tyne and Wear (Met County),426.2,13.7,38.9,5,3.2,4.7,491.6,167.6,37.9
E08000037,      Gateshead,77,2.6,7.9,1.2,1.1,0.7,90.5,30.7,7.7
E08000021,      Newcastle upon Tyne,92.4,2.3,7.9,1.1,0.4,2,106,37.2,7.7
E08000022,      North Tyneside,88.2,3,9.2,1.4,0.3,0.8,102.8,33.5,8.9
E08000023,      South Tyneside,58.5,2.2,4.7,0.4,0.2,0.3,66.3,22.6,4.6
E08000024,      Sunderland,110.1,3.6,9.2,0.9,1.3,0.9,126,43.4,8.9
,Local Authority unknown 3,0.3,0.1,0.1,-,-,0.1,0.6,0.1,-
E12000002,North West,3214.8,116.9,339,66.9,15.8,64.5,3817.8,1233,328.5
E06000008,   Blackburn with Darwen UA,58.1,1.8,5.8,0.7,0.2,0.7,67.3,25.1,5.6
E06000009,   Blackpool UA,56.3,2.4,5.5,0.3,0.4,0.8,65.7,18.3,5.3
E06000049,   Cheshire East UA,213.4,8.3,21.4,3.2,0.4,5.6,252.3,81.8,20.5
E06000050,   Cheshire West and Chester UA,184.6,7.8,18.6,2.7,0.5,4.5,218.7,73,18
E06000006,   Halton UA,60.9,2.4,6.5,1.6,0.4,0.6,72.3,24.3,6.4
E06000007,   Warrington UA,108.2,4.3,11,3.9,0.4,1.8,129.6,41.5,10.7
E10000006,   Cumbria,255.3,12,38.3,5.5,1.5,16.5,329,116.4,37
E07000026,      Allerdale,50.7,1.9,7.2,0.8,0.3,3.4,64.3,23.6,7
E07000027,      Barrow-in-Furness,29.7,2.1,2.9,0.3,0.1,0.5,35.6,11.3,2.8
E07000028,      Carlisle,52.6,2.1,8.2,1.9,0.5,2.9,68.2,24.4,8
E07000029,      Copeland,34.6,1.6,3.7,0.3,0.1,1.7,42.1,15.1,3.6
E07000030,      Eden,30.3,1.2,6.2,1.5,0.2,4.3,43.5,16.1,5.9
E07000031,      South Lakeland,57.3,3,10.1,0.8,0.3,3.7,75.3,25.8,9.7
,Local Authority District unknown 3,0.1,-,-,-,,-,0.1,-,-
E11000001,   Greater Manchester (Met County),1144.7,34.8,110.6,30,5.5,10.9,1336.4,414.8,107.6
E08000001,      Bolton,120.6,4.2,12.3,2.4,0.5,1,141,44.5,12
E08000002,      Bury,104.6,2.5,7.6,1,0.2,0.7,116.5,40.3,7.4
E08000003,      Manchester,150,3.3,14.9,3,0.9,1.5,173.6,54.9,14.6
E08000004,      Oldham,89.3,2.9,8.7,1,1,0.9,103.7,32.8,8.4
E08000005,      Rochdale,88.4,2.6,8.7,2.2,0.3,0.9,103.1,33.8,8.6
E08000006,      Salford,90.5,2.8,10,1.6,0.3,1,106.2,31.6,9.8
E08000007,      Stockport,144.4,4,12.7,1.3,1.3,1.2,164.8,48.6,12.2
E08000008,      Tameside,96.2,3.3,10.9,10.9,0.3,0.9,122.5,32.7,10.6
E08000009,      Trafford,111.6,2.7,8.8,4.9,0.3,1.2,129.5,39.8,8.5
E08000010,      Wigan,149.1,6.4,15.9,1.9,0.6,1.5,175.5,55.8,15.6
E10000017,   Lancashire,576.5,24.7,67.1,13.1,2.6,15.7,699.6,236.3,64.8
E07000117,      Burnley,36.4,1.3,3.9,0.6,0.1,0.5,42.7,15.1,3.8
E07000118,      Chorley,59.4,2.7,7,1,0.2,1.4,71.7,24.7,6.8
E07000119,      Fylde,43.3,1.6,3.6,0.4,0.1,0.9,50,16,3.4
E07000120,      Hyndburn,35.5,1.3,4.1,0.7,0.2,0.4,42,14.7,3.9
E07000121,      Lancaster,62.3,3.1,7.5,1.2,0.3,2.2,76.5,25.8,7.2
E07000122,      Pendle,39.6,1.5,5,0.6,0.2,0.9,47.8,18.1,4.8
E07000123,      Preston,57.7,1.9,6.3,1,0.3,1.2,68.4,23.9,6.1
E07000124,      Ribble Valley,33.5,1.2,4.4,0.7,0.2,1.9,41.9,14.7,4.2
E07000125,      Rossendale,34.3,1.6,4.4,0.6,0.2,0.7,41.7,14.7,4.2
E07000126,      South Ribble,58.8,2.6,7.2,3.6,0.4,1.1,73.6,23.4,7
E07000127,      West Lancashire,58.1,3.4,7.3,2.1,0.3,2.5,73.8,23.4,7.1
E07000128,      Wyre,57.3,2.5,6.5,0.7,0.2,2,69.2,21.7,6.2
,Local Authority District unknown 3,0.1,0.1,-,-,-,-,0.3,-,-
E11000002,   Merseyside (Met County),556.1,18.1,54.1,5.8,4,7.3,645.4,201.4,52.6
E08000011,      Knowsley,56.9,1.4,5.6,1.1,0.3,0.8,66.2,22.2,5.5
E08000012,      Liverpool,145.9,3.3,11.3,1.8,1.2,1.7,165.1,53.7,10.9
E08000014,      Sefton,121.5,3.9,10.4,0.9,1.5,1.1,139.4,43.7,9.9
E08000013,      St. Helens,83.6,3.2,8,1.2,0.3,2.3,98.6,30.4,7.8
E08000015,      Wirral,148.2,6.3,18.9,0.8,0.6,1.3,176.1,51.3,18.4
,Local Authority unknown 3,0.7,0.3,0.2,-,-,0.1,1.4,0.1,0.1
E12000003,Yorkshire and The Humber,2450.6,100,280.1,49,11.9,65.8,2957.5,1042.7,271.3
E06000011,   East Riding of Yorkshire UA,180.7,9.4,21.1,3.8,0.7,9.1,224.7,77.1,20.4
E06000010,   Kingston upon Hull City UA,92.8,5,10.8,5.1,0.7,1.5,116,33.7,10.6
E06000012,   North East Lincolnshire UA,70,3.4,8.5,1.2,0.5,1,84.5,25.9,8.3
E06000013,   North Lincolnshire UA,86.7,5.2,10.9,2.5,0.4,3.2,108.9,39.2,10.6
E06000014,   York UA,85.3,4.7,8.1,0.6,0.3,1.5,100.4,31.6,7.7
E10000023,   North Yorkshire,327,15.9,46.8,6.4,1.6,25.5,423.2,144.7,45
E07000163,      Craven,30.3,1.2,5.4,0.8,0.1,2.2,40.1,13.2,5.2
E07000164,      Hambleton,52.3,2.2,8.1,1.3,0.3,5.2,69.4,24.5,7.9
E07000165,      Harrogate,89,3.5,11.1,1.4,0.6,5.8,111.4,37.5,10.6
E07000166,      Richmondshire,26.7,1.2,4.2,0.7,0.1,2.6,35.4,13.3,4
E07000167,      Ryedale,30.7,1.8,5.5,0.7,0.1,4.5,43.3,14.4,5.3
E07000168,      Scarborough,49.4,3.3,6.8,0.6,0.2,2.7,63,19.1,6.5
E07000169,      Selby,48.5,2.7,5.6,1,0.2,2.4,60.3,22.7,5.4
,Local Authority District unknown 3,0.1,-,-,-,,0.1,0.2,-,-
E11000003,   South Yorkshire (Met County),592.9,22.8,62.4,10.5,2.7,10.2,701.5,255.3,60.5
E08000016,      Barnsley,111.2,5.2,12.8,1.8,0.7,2.4,134.1,48.8,12.4
E08000017,      Doncaster,145.6,5.8,15.4,4.5,0.4,3.3,175.1,70.2,15
E08000018,      Rotherham,121.8,4.7,12.2,1.6,0.4,1.6,142.3,52.8,11.9
E08000019,      Sheffield,214.2,7.1,22,2.6,1.2,2.9,250.1,83.5,21.3
E11000006,   West Yorkshire (Met County),1014.8,33.5,111.2,18.9,4.9,13.7,1197,434.9,108
E08000032,      Bradford,198.6,6.3,19.8,2.6,0.7,1.9,230,83.6,19.1
E08000033,      Calderdale,90.9,3.5,11,1.7,0.3,1.9,109.2,35.7,10.5
E08000034,      Kirklees,187.6,6.7,22.2,4,0.8,2.7,223.9,75.1,21.5
E08000035,      Leeds,379.6,9.9,40.4,7,2.2,3.5,442.6,173,39.5
E08000036,      Wakefield,158.1,7.1,17.9,3.5,1,3.6,191.3,67.5,17.4
,Local Authority unknown 3,0.6,0.3,0.2,-,-,0.2,1.3,0.2,0.1
E12000004,East Midlands,2389.5,104.9,331.5,50.6,10.5,71.1,2958,972.9,319.1
E06000015,   Derby UA,118.6,4.2,12.8,1.2,0.3,1.4,138.6,49.1,12.4
E06000016,   Leicester UA,151.9,2.7,16.3,1.1,0.8,1.1,174,55.8,16
E06000018,   Nottingham UA,93.8,3.3,9.6,1.3,0.9,1.5,110.3,34.1,9.3
E06000017,   Rutland UA,22,1,2.4,0.4,0.1,1,26.8,9.6,2.3
E10000007,   Derbyshire,422.1,20.8,100.4,14.2,2,13.5,572.9,174,96.4
E07000032,      Amber Valley,67.7,3.5,9.1,2.2,0.8,2,85.3,27.9,8.7
E07000033,      Bolsover,39.8,2.1,5.4,1.2,0.2,1,49.7,17.3,5.2
E07000034,      Chesterfield,56.6,2.3,50.8,4.4,0.2,0.9,115.2,23.2,48.8
E07000035,      Derbyshire Dales,41.8,2,7.1,1.2,0.2,3.3,55.5,19.2,6.7
E07000036,      Erewash,59.6,3.3,9.6,2.3,0.2,1.1,75.9,22.3,9.3
E07000037,      High Peak,46.6,2,6,1.1,0.1,1.3,57.2,18.4,5.7
E07000038,      North East Derbyshire,54.4,2.5,6.7,0.8,0.2,2.5,67.2,22.4,6.5
E07000039,      South Derbyshire,55.5,3,5.7,0.9,0.2,1.4,66.6,23.4,5.5
,Local Authority District unknown 3,0.1,0.1,-,-,-,0.1,0.3,-,-
E10000018,   Leicestershire,373.1,17.7,45.8,9.1,1.5,10.1,457.3,148.1,44.1
E07000129,      Blaby,55.7,2.2,6.4,1,0.3,0.9,66.5,21.5,6.2
E07000130,      Charnwood,87.3,3.9,12.7,2.5,0.8,1.5,108.8,33.5,12.3
E07000131,      Harborough,52.7,2.1,6.4,1.7,0.1,2.1,65.1,21.5,6.1
E07000132,      Hinckley and Bosworth,62.8,3.5,6.9,1,0.1,1.6,75.9,25.3,6.6
E07000133,      Melton,28.9,1.6,3.9,0.6,0.1,1.5,36.6,12.1,3.7
E07000134,      North West Leicestershire,55.5,3.4,7.2,2.2,0.2,2.1,70.6,23,6.9
E07000135,      Oadby and Wigston,30.1,0.9,2.3,0.2,0.1,0.3,33.7,11.3,2.2
,Local Authority District unknown 3,0.1,0.1,-,-,,-,0.2,-,-
E10000019,   Lincolnshire,396.5,20.2,51.6,6.9,2.1,23.2,500.4,172.9,49.5
E07000136,      Boston,34.4,1.5,4.7,0.7,0.3,2.3,43.9,15.4,4.5
E07000137,      East Lindsey,75.6,4.2,11.2,1.2,0.2,7.2,99.6,33,10.7
E07000138,      Lincoln,38.8,2.1,5.9,0.7,0.4,0.9,48.8,15.3,5.8
E07000139,      North Kesteven,65.3,3.6,7.4,1.2,0.7,3.1,81.3,28.8,7.1
E07000140,      South Holland,52.4,2.4,7.1,1.1,0.2,3.6,66.8,23.3,6.8
E07000141,      South Kesteven,77.9,3.6,8.5,1.1,0.2,2.6,94.1,33.9,8.1
E07000142,      West Lindsey,51.9,2.8,6.7,0.9,0.1,3.3,65.6,23.2,6.5
,Local Authority District unknown 3,0.1,0.1,-,-,,0.1,0.4,-,-
E10000021,   Northamptonshire,405.4,17.2,47.3,11.1,1.5,9.3,491.8,168.1,45.4
E07000150,      Corby,32.8,1,3,0.4,0.1,0.4,37.8,13,2.9
E07000151,      Daventry,48.7,2.5,6.2,3.7,0.1,2.1,63.3,20.4,5.9
E07000152,      East Northamptonshire,52.4,2.8,5.7,1,0.1,1.2,63.2,21.3,5.4
E07000153,      Kettering,58.1,2.4,7.8,0.6,0.2,0.8,69.8,24.5,7.5
E07000154,      Northampton,111.2,3.7,12.6,3.2,0.8,2,133.5,44.8,12.3
E07000155,      South Northamptonshire,60.3,2.9,6.9,1.2,0.1,1.9,73.4,27.5,6.6
E07000156,      Wellingborough,41.8,1.9,5,1,0.1,0.7,50.5,16.4,4.8
,Local Authority District unknown 3,0.2,0.1,-,-,-,-,0.3,-,-
E10000024,   Nottinghamshire,405.6,17.5,45.3,5.2,1.3,10,484.8,160.8,43.7
E07000170,      Ashfield,59.4,2.8,7.3,1.1,0.2,0.9,71.8,23.2,7.1
E07000171,      Bassetlaw,59.9,2.9,7.6,1.1,0.2,2.6,74.4,26.9,7.4
E07000172,      Broxtowe,53.5,2.4,5.2,0.4,0.1,0.8,62.3,19.1,4.9
E07000173,      Gedling,57.6,2.3,5.8,0.5,0.2,0.8,67.3,20.6,5.7
E07000174,      Mansfield,51.8,2.2,5.7,0.4,0.2,0.7,60.9,20.1,5.5
E07000175,      Newark and Sherwood,63.1,2.9,8.3,1.1,0.3,2.8,78.5,27.3,8
E07000176,      Rushcliffe,60.2,1.9,5.3,0.6,0.1,1.3,69.5,23.6,5.1
,Local Authority District unknown 3,0.1,-,-,-,,-,0.2,-,-
,Local Authority unknown 3,0.6,0.2,0.1,-,-,0.1,1.1,0.2,0.1
E12000005,West Midlands,3063.4,104.5,455.3,61,13.7,65.9,3763.8,1311.4,442.9
E06000019,   Herefordshire County UA,106.2,4.9,17.7,2,0.6,8.7,140,46.2,16.8
E06000051,   Shropshire UA,172.9,7.6,26.4,3.6,0.8,12.2,223.5,76.7,25.1
E06000021,   Stoke-on-Trent UA,110,4.2,15.3,2.4,0.5,1.1,133.6,42.7,14.9
E06000020,   Telford and Wrekin UA,85.6,3.4,8.7,1.2,0.3,1.4,100.6,36.3,8.4
E10000028,   Staffordshire,458.6,20.5,54.2,12.4,1.8,13.1,560.6,186.1,52.1
E07000192,      Cannock Chase,51.7,2.5,7.5,3.4,0.1,1.3,66.5,20.4,7.2
E07000193,      East Staffordshire,59.8,2.9,7.1,1.1,0.4,2.6,73.9,26.9,6.8
E07000194,      Lichfield,59,2.4,6.6,1.1,0.1,1.2,70.5,23.2,6.4
E07000195,      Newcastle-under-Lyme,60.8,2.6,6.2,1.1,0.2,1,71.9,23,5.9
E07000196,      South Staffordshire,62.2,2.5,6.7,1.6,0.2,1.2,74.3,24.4,6.4
E07000197,      Stafford,71.6,3.2,7.9,1.2,0.3,2.5,86.7,30.2,7.6
E07000198,      Staffordshire Moorlands,54.7,2.6,7.9,1,0.3,2.9,69.5,23.3,7.6
E07000199,      Tamworth,38.6,1.8,4.3,2,0.1,0.3,47,14.6,4.2
,Local Authority District unknown 3,0.1,-,-,-,,-,0.2,-,-
E10000031,   Warwickshire,316.7,13.5,40.5,10.7,0.8,7.5,389.8,122.6,39
E07000218,      North Warwickshire,37.6,1.8,10.4,4.8,0.1,1,55.7,15.5,10.2
E07000219,      Nuneaton and Bedworth,65.3,2.8,9,0.7,0.2,0.6,78.6,24.9,8.8
E07000220,      Rugby,57,2.6,5.5,0.9,0.1,1.5,67.6,22.1,5.3
E07000221,      Stratford-on-Avon,82.5,3.5,9.3,1.1,0.3,3.1,99.8,32.9,8.8
E07000222,      Warwick,74.2,2.7,6.3,3.2,0.2,1.2,87.8,27.3,6
,Local Authority District unknown 3,0.1,-,-,-,-,-,0.2,-,-
E11000005,   West Midlands (Met County),1461.1,35.7,253,23.5,7.8,13.4,1794.4,660.4,249
E08000025,      Birmingham,659.2,9.5,118.8,4.2,4.4,4.6,800.7,350.9,117.1
E08000026,      Coventry,136,4.6,17.6,3.7,1.1,3.3,166.4,51.6,17.2
E08000027,      Dudley,154.9,7.1,14.9,1.6,0.5,1,180,55,14.3
E08000028,      Sandwell,125.7,3.8,17.1,4.7,0.7,1.1,153.1,50.1,16.8
E08000029,      Solihull,159.1,3.2,61.5,3.7,0.3,1.6,229.5,64.4,61
E08000030,      Walsall,119.2,4,12.7,3,0.4,1,140.3,47,12.3
E08000031,      Wolverhampton,106.8,3.4,10.5,2.6,0.4,0.7,124.5,41.5,10.2
E10000034,   Worcestershire,351.4,14.4,39.1,5.1,1.2,8.4,419.6,140.2,37.2
E07000234,      Bromsgrove,58,2.2,6.6,0.8,0.3,0.9,68.7,23,6.3
E07000235,      Malvern Hills,47.5,2.3,6.2,0.6,0.2,2.2,59,18.9,5.8
E07000236,      Redditch,44.1,1.7,4.6,0.7,0.1,0.4,51.7,16.7,4.5
E07000237,      Worcester,57.1,2.2,4.5,0.4,0.2,0.6,64.9,21.5,4.2
E07000238,      Wychavon,89,3.4,10.6,1.8,0.3,3.4,108.5,39.7,10.1
E07000239,      Wyre Forest,55.5,2.6,6.6,0.8,0.2,0.9,66.6,20.4,6.3
,Local Authority District unknown 3,0.1,-,-,-,,-,0.2,-,-
,Local Authority unknown 3,0.9,0.3,0.3,-,-,0.2,1.8,0.2,0.3
E12000006,East,3365.6,139,410.1,50.3,12.7,82.1,4059.9,1275.3,391.5
E06000055,   Bedford UA,117.9,3.3,14.1,1.1,0.3,1.7,138.5,44.8,13.3
E06000056,   Central Bedfordshire UA,156.7,6.6,19.5,2.1,0.5,4.1,189.5,55.9,18.7
E06000032,   Luton UA,83.1,2,7,0.5,0.7,0.8,94.1,30.7,6.8
E06000031,   Peterborough UA,197.2,3.4,26.3,1.2,0.8,1.9,230.8,117.8,25.7
E06000033,   Southend-on-Sea UA,80.4,3.4,7.3,0.5,0.2,0.7,92.6,22.4,6.9
E06000034,   Thurrock UA,82.1,3.1,10,3,0.3,1.3,99.8,29.8,9.6
E10000003,   Cambridgeshire,339.6,15.7,42.4,6.3,1.8,10.9,416.6,138.2,40.4
E07000008,      Cambridge,40.5,1.8,3,0.3,0.5,0.5,46.7,13.6,2.8
E07000009,      East Cambridgeshire,49.2,2.3,6.8,2.1,0.3,2.6,63.3,21.1,6.5
E07000010,      Fenland,54.4,2.7,7.7,1.3,0.2,2.3,68.5,24.7,7.4
E07000011,      Huntingdonshire,104.7,4.4,12.4,1.5,0.4,2.9,126.3,43.8,11.7
E07000012,      South Cambridgeshire,90.7,4.3,12.5,1.1,0.3,2.6,111.5,35,12
,Local Authority District unknown 3,0.2,-,-,-,-,0.1,0.3,-,-
E10000012,   Essex,789.3,32.7,97.5,11.5,2.6,16.7,950.2,274.4,93.1
E07000066,      Basildon,90.2,3.2,11.4,1.5,0.2,1.5,108.1,29.8,11
E07000067,      Braintree,83.6,4.1,11.6,1.1,0.2,2.1,102.6,31.3,11
E07000068,      Brentwood,50,1.3,5.3,0.6,0.2,0.7,58.1,19.3,5.1
E07000069,      Castle Point,48.9,2.1,5.8,0.5,0.2,0.6,58,15.4,5.6
E07000070,      Chelmsford,94.9,3.8,10,1.5,0.3,1.9,112.4,32.3,9.6
E07000071,      Colchester,91.1,4.3,10.3,0.7,0.2,1.6,108.3,32.3,9.9
E07000072,      Epping Forest,71.9,2.5,9.3,0.9,0.2,1.9,86.7,24.2,8.8
E07000073,      Harlow,41.6,1.5,4.5,1.5,0.1,0.4,49.6,13.5,4.3
E07000074,      Maldon,39.1,1.9,6.6,0.8,0.1,1.3,49.8,14.6,6.3
E07000075,      Rochford,47.6,2.1,5.9,0.5,0.2,0.7,57,14.2,5.7
E07000076,      Tendring,75.4,3.6,9.6,1,0.4,2.1,92,25.7,9.1
E07000077,      Uttlesford,54.6,2.2,7,0.8,0.3,2,66.9,21.7,6.6
,Local Authority District unknown 3,0.3,0.1,0.1,-,-,0.1,0.6,-,-
E10000015,   Hertfordshire,630.9,21.3,64.7,7.1,2,8.5,734.5,207.4,62.1
E07000095,      Broxbourne,50.9,1.6,6.1,0.6,0.2,0.7,60,16.4,5.9
E07000096,      Dacorum,81.7,2.9,8.8,1,0.2,1,95.6,27.3,8.4
E07000242,      East Hertfordshire,81.8,3,8.9,0.8,0.2,1.5,96.1,28.4,8.5
E07000098,      Hertsmere,55.7,1.5,4.8,0.7,0.2,0.6,63.5,16.7,4.6
E07000099,      North Hertfordshire,71.1,2.9,7.3,0.7,0.2,1.3,83.5,23.6,7
E07000240,      St Albans,78,2.7,6.1,0.9,0.2,1.4,89.2,25.3,5.8
E07000243,      Stevenage,41.6,1.7,4.1,0.4,0.1,0.4,48.3,13,3.9
E07000102,      Three Rivers,51,1.7,6.1,0.7,0.2,0.8,60.5,16.2,5.9
E07000103,      Watford,61.9,1.4,4.4,0.3,0.1,0.2,68.4,22.4,4.3
E07000241,      Welwyn Hatfield,56.8,1.9,8.1,1,0.4,0.7,68.9,18.1,7.9
,Local Authority District unknown 3,0.2,0.1,-,-,-,-,0.4,-,-
E10000020,   Norfolk,475.1,26.2,64.4,7.6,1.9,20.7,595.9,193.8,61
E07000143,      Breckland,78.2,4.8,10.7,2.1,0.3,4.5,100.5,35.2,10.2
E07000144,      Broadland,75.6,4.3,10.3,1,0.2,2.8,94.3,28.7,9.8
E07000145,      Great Yarmouth,46.5,2.6,5.3,0.4,0.2,1.1,56.1,17.7,5.1
E07000146,      Kings Lynn and West Norfolk,83.3,4.4,12.6,1.3,0.3,4.3,106.2,37.2,11.9
E07000147,      North Norfolk,58.7,3,8.5,1,0.2,3.3,74.7,23.5,7.9
E07000148,      Norwich,52.2,2.8,6.4,0.4,0.4,0.9,63.2,17.9,6.1
E07000149,      South Norfolk,80.3,4.1,10.6,1.3,0.3,3.9,100.5,33.4,10
,Local Authority District unknown 3,0.2,0.1,-,-,-,0.1,0.4,0.1,-
E10000029,   Suffolk,412.8,21.1,56.7,9.5,1.5,14.3,516,160,53.6
E07000200,      Babergh,53.4,2.7,7.3,0.7,0.2,2,66.2,20.2,6.9
E07000201,      Forest Heath,38.8,1.7,5.4,0.6,0.1,1.2,47.7,14.2,4.7
E07000202,      Ipswich,61.3,3.3,6.6,1.4,0.4,0.6,73.6,22,6.4
E07000203,      Mid Suffolk,62,3.2,13.4,2.4,0.2,3.5,84.6,27,12.9
E07000204,      St Edmundsbury,60.9,2.6,7.3,0.9,0.2,2,74,25.1,6.9
E07000205,      Suffolk Coastal,76.4,4.2,9.2,2.9,0.2,2.7,95.5,30,8.6
E07000206,      Waveney,59.9,3.4,7.5,0.6,0.2,2.3,74,21.4,7.1
,Local Authority District unknown 3,0.2,-,-,-,-,-,0.3,0.1,-
,Local Authority unknown 3,0.7,0.3,0.2,-,-,0.2,1.4,0.1,0.1
E12000007,London,2665.9,119.8,219.4,20.1,20.3,36.9,3082.4,836.3,207.6
E12000007,   Inner London,718.1,45.7,53.1,3.8,7.5,12.5,840.8,230.1,49.1
E09000007,      Camden,46.1,2.7,4.4,0.4,0.2,0.6,54.4,15.6,4.1
E09000001,      City of London,2.5,0.1,0.4,-,-,0.1,3.1,1,0.4
E09000012,      Hackney,41.7,2.9,3.5,0.2,0.4,0.5,49.2,13.2,3.2
E09000013,      Hammersmith and Fulham,43.1,4,2.5,0.2,0.1,0.7,50.5,15.1,2.3
E09000014,      Haringey,62.1,3.4,5.2,0.4,2,0.5,73.5,19.6,4.9
E09000019,      Islington,35.9,3,2.8,0.2,0.1,0.7,42.9,10.8,2.6
E09000020,      Kensington and Chelsea,41.5,2.6,1.9,0.1,0.1,0.4,46.6,13.8,1.6
E09000022,      Lambeth,64.5,5,5,0.2,0.2,0.6,75.6,19,4.6
E09000023,      Lewisham,77.3,3.7,5.6,0.3,0.3,0.7,87.8,21.2,5.2
E09000025,      Newham,70,2.6,5.2,0.7,1.4,1.4,81.2,25.7,5
E09000028,      Southwark,57.7,4,4.7,0.3,1.4,1.2,69.3,16.8,4.2
E09000030,      Tower Hamlets,44.1,2.9,3.2,0.3,0.2,3.1,53.8,15.4,3
E09000032,      Wandsworth,80.2,6.1,5.6,0.5,0.4,0.6,93.2,26,5.2
E09000033,      Westminster,51.4,2.7,3.3,0.1,0.7,1.5,59.7,16.9,3
E12000007,   Outer London,1946.4,73.6,165.9,16.2,12.8,24.2,2239.2,606,158.3
E09000002,      Barking and Dagenham,63.1,2,6.1,1,0.2,0.8,73.2,22,5.9
E09000003,      Barnet,142.3,4.6,8.9,0.6,0.6,1.5,158.6,40.7,8.5
E09000004,      Bexley,106,4.3,10,1.4,1.1,1.5,124.3,31.1,9.5
E09000005,      Brent,92.5,4.8,9,1.2,2.2,0.9,110.6,31.2,8.7
E09000006,      Bromley,149.2,5.9,11.9,0.6,0.4,1.2,169.1,42,11.1
E09000008,      Croydon,140.7,5.3,11.8,0.6,0.3,0.9,159.5,38.9,11.3
E09000009,      Ealing,117.2,5.1,10.7,1.2,0.7,0.7,135.6,40.3,10.3
E09000010,      Enfield,120.1,3.3,11.2,1.8,0.3,4.4,141,37.9,10.8
E09000011,      Greenwich,78.1,3.3,5.8,0.6,0.2,0.9,89,23.9,5.5
E09000015,      Harrow,100.7,2.4,6.1,0.6,0.4,1,111.1,31.2,5.9
E09000016,      Havering,115.2,3.8,12.4,1.5,0.3,1.9,135.1,36.3,12
E09000017,      Hillingdon,136.8,4.3,15.4,1.3,0.5,1.3,159.6,46.6,14.8
E09000018,      Hounslow,97.1,4.1,8.2,1.3,0.5,1.1,112.3,32.8,7.7
E09000021,      Kingston upon Thames,66.1,3.3,5.7,0.2,0.2,0.6,76.1,19.7,5.4
E09000024,      Merton,72.3,3.6,6.4,0.8,2.8,2.5,88.4,22.5,6.1
E09000026,      Redbridge,105.4,2.6,7.1,0.3,0.3,1,116.8,36.6,6.9
E09000027,      Richmond upon Thames,77.6,4,4,0.2,1.1,0.4,87.4,23.8,3.7
E09000029,      Sutton,87.3,3.9,8.4,0.5,0.3,0.8,101.2,23,8
E09000031,      Waltham Forest,78.8,3.1,6.7,0.6,0.3,0.8,90.2,25.6,6.3
,Local Authority unknown 3,1.3,0.5,0.3,-,-,0.2,2.4,0.2,0.2
E12000008,South East,5149.7,216,650,70.2,21.8,80.5,6188.2,1940.2,622.2
E06000036,   Bracknell Forest UA,82.1,2.9,8.6,1.5,0.2,0.6,95.8,28.2,8.3
E06000043,   Brighton and Hove UA,93.3,5,10.6,0.4,0.7,0.7,110.7,28.8,9.9
E06000046,   Isle of Wight UA,71.1,5.8,10.7,0.7,0.3,1.8,90.3,19,9.6
E06000035,   Medway UA,132.2,6,12.9,1.5,0.5,1.8,154.9,46.1,12.4
E06000042,   Milton Keynes UA,325.6,5.2,32.4,8.8,1.6,1.7,375.3,180.3,31.9
E06000044,   Portsmouth UA,102.2,4.3,17.5,0.7,0.3,0.7,125.6,39.8,17
E06000038,   Reading UA,66,2.5,6,0.5,0.5,0.5,76,21.7,5.8
E06000039,   Slough UA,167.8,1.6,63,1.2,0.7,0.6,234.9,102.3,62.6
E06000045,   Southampton UA,96.4,4.7,10.5,0.9,0.3,0.8,113.6,32.6,10
E06000037,   West Berkshire UA,107.5,4.1,16.3,2,0.4,3.8,134.2,47,15.8
E06000040,   Windsor and Maidenhead UA,85.2,2.7,6.4,0.6,0.2,0.9,96,30.1,6
E06000041,   Wokingham UA,96.1,3.6,8,0.7,0.3,0.9,109.6,33.4,7.6
E10000002,   Buckinghamshire,311.3,11.2,30.9,5.4,1.3,5.1,365.1,114.2,29.2
E07000004,      Aylesbury Vale,107.9,4.1,11.8,1.4,0.6,2.9,128.7,41.3,11.2
E07000005,      Chiltern,58.5,1.9,4.6,0.4,0.1,0.7,66.1,20,4.4
E07000006,      South Bucks,43.6,1.4,4.2,0.8,0.2,0.5,50.7,15.6,4
E07000007,      Wycombe,101.3,3.7,10.2,2.8,0.4,1.1,119.5,37.3,9.6
,Local Authority District unknown 3,0.1,0.1,-,-,,-,0.2,-,-
E10000011,   East Sussex,285.6,13.8,37.2,2.7,1.1,5.8,346.3,92.4,35.1
E07000061,      Eastbourne,46.3,1.9,4.9,0.2,0.2,0.4,53.9,13.4,4.7
E07000062,      Hastings,39.1,2.3,4.8,0.2,0.1,0.4,47,11.7,4.5
E07000063,      Lewes,51.5,2.4,6.7,0.5,0.3,1,62.4,17.1,6.4
E07000064,      Rother,52.8,2.7,7,0.6,0.2,1.5,64.9,17.5,6.6
E07000065,      Wealden,95.8,4.4,13.8,1.1,0.3,2.6,118,32.7,13
,Local Authority District unknown 3,0.1,-,-,-,,-,0.1,-,-
E10000014,   Hampshire,836.3,39.1,131.9,15.4,3.5,14.8,1040.9,319,127.1
E07000084,      Basingstoke and Deane,97.2,4.2,9.7,2.5,0.2,1.7,115.6,37,9.3
E07000085,      East Hampshire,74.9,3.7,9,0.8,0.4,1.4,90.1,28.9,8.5
E07000086,      Eastleigh,72.7,3.6,8.6,2.3,0.3,0.9,88.4,25.4,8.3
E07000087,      Fareham,66.2,3.5,7,0.7,0.2,0.7,78.3,23,6.6
E07000088,      Gosport,38.8,2.8,3.6,0.2,0.1,0.3,45.8,12.7,3.4
E07000089,      Hart,59.5,2.5,5.3,1.1,0.3,0.8,69.4,21.5,5
E07000090,      Havant,64.9,3.9,8,0.4,0.2,0.8,78.1,23,7.6
E07000091,      New Forest,108.5,5.8,14.9,1.4,0.3,2.7,133.6,38.4,14
E07000092,      Rushmoor,109.7,2.4,36.9,2.8,0.6,0.3,152.7,51,36.5
E07000093,      Test Valley,75.5,3.5,19.9,2.2,0.7,2.8,104.5,30.7,19.5
E07000094,      Winchester,68.2,3,9,1.1,0.3,2.2,83.9,27.2,8.5
,Local Authority District unknown 3,0.2,0.1,0.1,-,-,-,0.4,0.1,-
E10000016,   Kent,785.2,36.4,90.3,10.9,4,15.5,942.2,286.5,85.8
E07000105,      Ashford,68.7,3,8.2,0.8,0.3,2.1,83,27.3,7.8
E07000106,      Canterbury,71.1,3.2,7.2,0.5,0.8,1.3,83.9,25.8,6.8
E07000107,      Dartford,53.9,2.3,7.9,0.7,0.2,0.7,65.7,18.5,7.6
E07000108,      Dover,56.5,2.8,6.1,1,0.2,1.3,67.8,21.5,5.7
E07000109,      Gravesham,50.3,2.4,5.1,0.5,0.2,0.4,58.9,17.9,4.9
E07000110,      Maidstone,90.8,3.9,11.2,1.2,1,2.1,110.3,34.7,10.7
E07000111,      Sevenoaks,68.9,3.3,8.2,0.9,0.2,1.4,82.9,23.8,7.8
E07000112,      Shepway,54.6,2.7,6,0.5,0.2,1.5,65.6,21.1,5.6
E07000113,      Swale,74,3.5,9.2,1.5,0.3,1.4,90,27.6,8.8
E07000114,      Thanet,63.3,3.5,6.4,0.4,0.3,1.1,75,21.5,6
E07000115,      Tonbridge and Malling,72.2,3.2,8.9,2.4,0.2,1.1,88.1,26.1,8.6
E07000116,      Tunbridge Wells,60.6,2.4,5.9,0.4,0.2,1.1,70.5,20.7,5.5
,Local Authority District unknown 3,0.3,0.1,0.1,-,-,0.1,0.6,0.1,0.1
E10000025,   Oxfordshire,372.1,16.2,40,6,1.7,9,445,152.1,37.9
E07000177,      Cherwell,103.2,3.8,10.2,1,0.4,2.3,120.9,49.6,9.7
E07000178,      Oxford,48.4,2,4.4,0.9,0.6,0.8,57.2,17.5,4.2
E07000179,      South Oxfordshire,83.5,3.8,9.4,1.2,0.3,2.3,100.6,31.3,8.9
E07000180,      Vale of White Horse,73.4,3.6,7.8,0.7,0.2,1.7,87.4,28.2,7.5
E07000181,      West Oxfordshire,63.4,3,8.1,2.2,0.2,1.8,78.7,25.4,7.6
,Local Authority District unknown 3,0.2,0.1,-,-,-,-,0.3,-,-
E10000030,   Surrey,672.9,29.2,65.4,5.9,2.1,7.7,783.2,216.5,61.7
E07000207,      Elmbridge,81.9,3.1,8.6,0.4,0.3,0.4,94.7,27.5,8.2
E07000208,      Epsom and Ewell,40.2,1.7,3.1,0.2,0.2,0.4,45.7,11.2,2.9
E07000209,      Guildford,77.3,3.5,7.7,1.3,0.3,0.7,90.8,25.9,7.3
E07000210,      Mole Valley,54.7,2.4,5.8,0.5,0.2,1.2,64.7,16.4,5.4
E07000211,      Reigate and Banstead,81.9,3.4,7.7,0.6,0.2,1.4,95.1,25,7.3
E07000212,      Runnymede,45.7,2.4,5.2,0.6,0.2,0.5,54.6,14.7,4.9
E07000213,      Spelthorne,54.7,2.5,5.5,0.6,0.1,0.3,63.8,16.3,5.2
E07000214,      Surrey Heath,54.9,2.5,4.6,0.4,0.1,0.5,63,18.7,4.4
E07000215,      Tandridge,51.2,2.2,5.7,0.6,0.2,0.9,60.8,16.7,5.4
E07000216,      Waverley,75.1,3.2,7.3,0.5,0.3,1,87.3,26.5,6.7
E07000217,      Woking,55.2,2.3,4.2,0.2,0.1,0.3,62.4,17.7,4
,Local Authority District unknown 3,0.2,0.1,-,-,,-,0.3,-,-
E10000032,   West Sussex,460,21.2,51.2,4.6,2.1,7.6,546.7,150,48.1
E07000223,      Adur,30.9,2,4.5,0.5,0.1,0.3,38.3,9.2,4.2
E07000224,      Arun,86.5,3.9,9.4,0.8,0.2,1.1,101.8,27.1,8.9
E07000225,      Chichester,69.9,3.3,9.5,0.9,0.8,2.3,86.7,25.2,8.8
E07000226,      Crawley,52.5,2,4.3,0.4,0.3,0.5,60,17.5,4.2
E07000227,      Horsham,85.1,3.9,9.9,1.1,0.2,1.7,102,29.2,9.2
E07000228,      Mid Sussex,82.2,3.6,8,0.8,0.2,1.2,96,26.8,7.6
E07000229,      Worthing,52.8,2.5,5.5,0.2,0.2,0.4,61.7,15,5.2
,Local Authority District unknown 3,0.1,0.1,-,-,-,-,0.2,-,-
,Local Authority unknown 3,1,0.4,0.2,-,-,0.2,1.9,0.2,0.1
E12000009,South West,3156.1,152.4,488.3,48.1,19.9,101.2,3965.9,1312.8,467.2
E06000022,   Bath and North East Somerset UA,92.2,4.4,10.7,0.9,0.4,1.7,110.4,33.3,10.2
E06000028,   Bournemouth UA,86.2,4.1,9,0.4,0.4,0.6,100.8,26.2,8.5
E06000023,   Bristol City UA,181.5,8.9,26.9,5.7,3.5,2.8,229.3,61.1,25.8
E06000052,   Cornwall UA,296.3,17.4,54.2,4.2,1.3,15.8,389.1,131.9,51.7
E06000053,   Isles of Scilly UA,0.5,0.1,0.2,-,-,0.1,0.9,0.2,0.2
E06000024,   North Somerset UA,119.8,5.7,13.1,2,0.4,2.3,143.3,45.6,12.4
E06000026,   Plymouth UA,111.9,7,11.9,0.6,0.5,0.9,132.9,42.9,11.5
E06000029,   Poole UA,81.9,4.4,11.6,0.8,1.1,0.8,100.5,25.8,10.9
E06000025,   South Gloucestershire UA,240.1,8,37.8,2.1,0.6,2.9,291.4,112.3,36.9
E06000030,   Swindon UA,226.8,5.4,42.7,4.8,3.1,1.3,284,137.1,42.2
E06000027,   Torbay UA,66.3,3.9,8.1,0.4,0.2,0.6,79.7,22.6,7.7
E06000054,   Wiltshire UA,281.4,14.3,48.4,4.3,1,9.3,358.8,116.4,46.5
E10000008,   Devon,437.2,22.2,77.2,6.6,2.6,26.9,572.6,183.2,73.4
E07000040,      East Devon,80.6,4,12.6,0.9,0.3,4.6,103.1,31.3,11.8
E07000041,      Exeter,67.1,2.7,12.5,0.4,0.8,1.4,84.9,30.2,12.2
E07000042,      Mid Devon,45.4,2.4,8,1,0.2,4.3,61.2,20.1,7.6
E07000043,      North Devon,49.5,2.6,9.6,0.9,0.3,4,66.9,20.2,9.1
E07000044,      South Hams,50.8,2.7,9,0.7,0.3,3,66.5,21.3,8.4
E07000045,      Teignbridge,74.1,4.4,12.7,1.1,0.3,2.7,95.2,29.1,12
E07000046,      Torridge,37.3,1.8,7.2,0.6,0.3,3.9,51.1,16.2,6.9
E07000047,      West Devon,32.3,1.4,5.6,0.9,0.2,2.9,43.3,14.8,5.3
,Local Authority District unknown 3,0.2,0.1,0.1,-,-,0.1,0.4,-,-
E10000009,   Dorset,246.4,13,36.4,3,1.4,8.9,309,91.7,34.5
E07000048,      Christchurch,28,1.2,3.2,0.2,0.1,0.3,32.9,8.1,3
E07000049,      East Dorset,57.8,2.9,8.9,0.8,0.7,1.3,72.4,20.6,8.5
E07000050,      North Dorset,42,2.1,6.5,0.6,0.1,2.3,53.6,18,6.1
E07000051,      Purbeck,27,1.6,4.3,0.4,0.1,1,34.4,9.8,4
E07000052,      West Dorset,59.8,3,9.8,0.9,0.3,3.6,77.3,23.8,9.3
E07000053,      Weymouth and Portland,31.7,2.1,3.7,0.2,0.1,0.4,38.2,11.3,3.5
,Local Authority District unknown 3,0.1,-,-,-,,-,0.1,-,-
E10000013,   Gloucestershire,372.9,16.8,53.7,6.4,1.8,10.1,461.7,154.4,51.5
E07000078,      Cheltenham,56.9,2.4,4.9,0.5,0.2,0.4,65.2,19.8,4.6
E07000079,      Cotswold,55.1,2.4,7.7,0.9,0.3,2.8,69.3,22.9,7.3
E07000080,      Forest of Dean,50.5,2.8,7.9,0.8,0.2,2.1,64.3,22.9,7.5
E07000081,      Gloucester,87.4,2.9,16.2,1.3,0.7,1.1,109.6,39.3,16
E07000082,      Stroud,70.7,3.7,9.7,1.7,0.3,2.1,88.1,29,9.2
E07000083,      Tewkesbury,52.1,2.5,7.3,1.1,0.2,1.5,64.7,20.4,6.9
,Local Authority District unknown 3,0.2,0.1,0.1,-,-,-,0.5,0.1,0.1
E10000027,   Somerset,313.8,16.7,46.2,5.9,1.4,16,400,128.2,43.5
E07000187,      Mendip,64.7,3.2,10.3,1.5,0.3,3.2,83.2,25.7,9.8
E07000188,      Sedgemoor,67.9,3.9,10.1,1.6,0.2,3,86.7,28.3,9.6
E07000189,      South Somerset,98.1,5.3,13.8,1.7,0.4,5.5,124.7,39.8,12.9
E07000190,      Taunton Deane,63.2,3.3,8.6,0.8,0.5,2.5,78.8,25.9,8.1
E07000191,      West Somerset,19.9,0.9,3.4,0.2,0.1,1.7,26.3,8.4,3.1
,Local Authority District unknown 3,0.1,-,0.1,,,0.1,0.2,-,-
,Local Authority unknown 3,0.7,0.3,0.2,-,-,0.2,1.4,0.2,0.1
W92000004,Wales,1542.1,57.2,205.1,22,9.2,55.5,1891.1,665.5,198.5
W06000001,   Isle of Anglesey,38.2,1.6,6.4,0.6,0.2,2,49,19.6,6.1
W06000002,   Gwynedd,58.4,2.1,11.9,1,0.5,4,77.8,30,11.5
W06000003,   Conwy,60.9,2.5,8.7,0.7,0.4,2.6,75.7,26.1,8.4
W06000004,   Denbighshire,49.4,2,7.3,0.8,0.2,2.7,62.3,22.2,7
W06000005,   Flintshire,85.4,3.8,10.1,1.6,0.3,2.2,103.3,35.7,9.8
W06000006,   Wrexham,67.7,3.1,8.3,1.2,0.2,2.5,83,28.7,8
W06000023,   Powys,75.1,3.4,16.4,1.8,0.6,9.5,106.8,37.3,15.9
W06000008,   Ceredigion,37,1.5,7.7,0.7,0.3,4.4,51.7,19.3,7.4
W06000009,   Pembrokeshire,66.3,2.8,12,1.4,0.4,5.5,88.3,31,11.5
W06000010,   Carmarthenshire,99.8,4,15.7,2.2,0.6,6.5,128.9,48.2,15.2
W06000011,   Swansea,124.9,4.1,18.1,1.3,1,2.3,151.7,49.1,17.6
W06000012,   Neath Port Talbot,68.7,2.8,8,0.7,0.3,1.1,81.6,28.5,7.7
W06000013,   Bridgend,73.9,2.5,8.5,1.1,0.4,0.9,87.3,30.7,8.3
W06000014,   The Vale of Glamorgan,66.6,2.4,6.5,0.7,0.2,1.1,77.4,26,6.2
W06000015,   Cardiff,141.6,3.6,12,1,0.8,1.1,160.2,52.9,11.6
W06000016,   Rhondda Cynon Taf,110.9,3.6,12.8,1.3,0.8,1.3,130.6,45.7,12.5
W06000024,   Merthyr Tydfil,26.4,0.6,2.9,0.2,0.2,0.2,30.5,12.2,2.8
W06000018,   Caerphilly,86,3,10.2,1.1,0.4,0.9,101.5,36.1,9.9
W06000019,   Blaenau Gwent,32.7,1.1,3.1,0.3,0.1,0.3,37.6,14.8,3
W06000020,   Torfaen,46.2,1.8,5.3,0.4,0.7,0.5,54.9,18.1,5.2
W06000021,   Monmouthshire,54,2.4,6.9,1,0.3,2.9,67.5,24.6,6.6
W06000022,   Newport,71.4,2.4,6.3,1,0.3,0.8,82.2,28.6,6
,Local Authority unknown 3,0.6,0.2,0.2,-,-,0.4,1.4,0.1,0.2
S92000003,Scotland,2462.4,69.8,293.6,38.2,14.7,83,2961.6,1024,286.8
S12000033,   Aberdeen City,94.1,3,8.8,1.1,0.7,1.3,109.1,33.6,8.6
S12000034,   Aberdeenshire,144.8,5.4,21.7,2.9,0.8,13.2,188.8,71.5,21.1
S12000041,   Angus,59.1,2.2,7.6,1.1,0.2,3.8,74.1,26.3,7.4
S12000035,   Argyll and Bute,42.4,1.3,7.5,0.8,0.4,2.1,54.3,19.1,7.2
S12000005,   Clackmannanshire,25.7,0.8,2.2,0.2,0.1,0.3,29.4,9.9,2.2
S12000006,   Dumfries and Galloway,75.8,2.8,12.7,1.8,0.3,7.1,100.5,36.9,12.3
S12000042,   Dundee City,55.5,1.4,4.6,0.6,0.3,0.9,63.3,19,4.4
S12000008,   East Ayrshire,56.5,1.7,6.1,0.9,0.2,2.2,67.8,24.4,6
S12000045,   East Dunbartonshire,55.1,1.1,3.2,0.2,0.1,0.6,60.4,20.5,3.2
S12000010,   East Lothian,50.7,1.8,5.3,0.4,0.2,1.7,60.2,20.1,5.2
S12000011,   East Renfrewshire,47.3,0.8,2.6,0.3,0.1,0.5,51.6,17.9,2.5
S12000036,   Edinburgh City,176,4.8,12.6,0.8,1.4,3.4,199.1,58.6,12.1
S12000013,   Eilean Siar ,13.1,0.5,3.4,0.3,0.2,0.9,18.5,5.5,3.4
S12000014,   Falkirk,79.1,2.2,7.3,1.4,0.5,1.1,91.7,30.4,7.2
S12000015,   Fife,178.7,5.6,17.6,1.6,1.1,4.1,208.7,69.6,17.2
S12000046,   Glasgow City,197.3,3.4,23.4,3.3,1.7,3.2,232.3,75.1,23.1
S12000017,   Highland,116.1,4.5,22.7,2,0.8,7.3,153.3,57.6,22.1
S12000018,   Inverclyde,34.4,0.7,2,0.1,0.5,0.3,38,12.3,1.9
S12000019,   Midlothian,42.9,1.6,4.8,0.5,0.2,0.8,50.8,15.9,4.7
S12000020,   Moray,47,2,7.2,0.8,0.2,2.9,60,21.7,6.9
S12000021,   North Ayrshire,61.6,1.9,6,0.8,0.3,1.3,71.8,24,5.8
S12000044,   North Lanarkshire,148.2,3,22.9,4.4,0.7,1.5,180.6,62,22.7
S12000023,   Orkney Islands,11.1,0.6,2.8,0.2,0.1,2.1,16.9,5,2.8
S12000024,   Perth and Kinross,76.4,2.5,10.5,1.3,0.4,5.6,96.5,35.6,10.1
S12000038,   Renfrewshire,114.1,1.9,15.2,1.5,0.5,1,134.2,54.1,15
S12000026,   Scottish Borders,59.8,2,9.2,1.6,0.2,4.7,77.5,28,8.9
S12000027,   Shetland Islands,11.6,0.6,3.1,0.3,0.2,0.9,16.8,5.6,3.1
S12000028,   South Ayrshire,55.6,1.6,5.4,0.4,0.6,1.9,65.5,22.3,5.2
S12000029,   South Lanarkshire,149.5,3.3,14.1,2.7,0.7,2.9,173.3,62.9,13.8
S12000030,   Stirling,57.1,1.1,7.6,0.7,0.1,1.3,67.9,29.2,7.5
S12000039,   West Dunbartonshire,38.2,0.9,3.5,0.3,0.2,0.4,43.4,14.7,3.4
S12000040,   West Lothian,87,2.6,9.6,2.8,0.6,1.6,104.2,34.3,9.4